HORESE_NAME,HORESE_GENDER,HORESE_AGE,STALLION_NUMBER,HORESE_WEIGHT,TRAINER＿NUMBER
ウインブライト,牡,6,14,484,畠山吉宏
ステイフーリッシュ,牡,5,14,466,矢作芳人
タニノフランケル,牡,5,42,528,角居勝彦
アドマイヤリード,牝,6,14,430,須貝尚介
タイムフライヤー,牡,5,3,482,松田国英
マイネルサージュ,牡,7,13,502,鹿戸雄一
エアアンセム,牡,8,53,498,吉村圭司
ランガディア,牡,5,5,480,木村哲也
サンマルティン,せ,7,13,508,国枝栄
ブラックバゴ,牡,8,21,532,佐野謙二
マイネルハニー,牡,7,39,482,栗田徹
マウントゴールド,牡,6,14,452,池江泰寿
コズミックフォース,牡,4,5,480,国枝栄
ナスノセイカン,牡,7,3,486,矢野英一
ストロングタイタン,牡,7,251,548,池江泰寿
ヤングマンパワー,牡,7,252,534,手塚貴久
パクスアメリカーナ,牡,4,17,462,中内田充正
マイスタイル,牡,6,3,458,昆貢
ミエノサクシード,牝,6,14,474,高橋亮
アドマイヤアルバ,せ,5,3,480,宮田敬介
ヒーズインラブ,牡,6,13,528,藤岡健一
グァンチャーレ,牡,7,15,480,北出成人
サラキア,牝,5,1,448,池添学
カツジ,牡,5,1,500,池添兼雄
ゴールドサーベラス,牡,8,15,454,清水英克
スマートオーディン,牡,7,61,502,池江泰寿
トゥラヴェスーラ,牡,5,34,476,高橋康之
リライアブルエース,牡,6,1,496,矢作芳人
ロードクエスト,牡,7,39,462,小島茂之
ツーエムマイスター,牡,7,41,456,本田優
ストーミーシー,牡,7,38,558,斎藤誠
アサクサゲンキ,牡,4,253,470,音無秀孝
バリス,牡,8,14,504,鈴木孝志
ヴァルディゼール,牡,4,2,462,渡辺薫彦
マイネルフラップ,牡,4,18,488,梅田智之
ミッキーブリランテ,牡,4,26,478,矢作芳人
パッシングスルー,牝,4,6,492,黒岩陽一
ハッピーアワー,牡,4,13,442,武幸四郎
ミヤケ,牡,3,26,472,村山明
ゴータイミング,牡,3,1,448,松永幹夫
アントリューズ,牡,3,2,496,栗田徹
ドナウデルタ,牝,4,2,448,石坂正
コパノマーティン,牡,3,15,486,村山明
シャドウエンペラー,牡,3,254,480,岡田稲男
ニホンピロヘンソン,せ,3,6,452,安達昭夫
フィリアプーラ,牝,4,13,450,菊沢隆徳
ホウオウカトリーヌ,牝,3,39,476,栗田徹
グレイスアン,牝,3,26,486,斎藤誠
エフティイーリス,牝,3,6,448,金成貴史
アクアミラビリス,牝,3,18,416,吉村圭司
サンタンデール,牝,3,69,434,岩戸孝樹
レディードリー,牝,3,11,442,伊藤正徳
チビラーサン,牝,3,89,436,中舘英二
スカイシアター,牝,3,18,416,高柳瑞樹
アゴベイ,牝,3,3,440,尾関知人
プリミエラムール,牝,3,33,438,田島俊明
セントセシリア,牝,3,13,382,矢作芳人
レーヴドカナロア,牝,3,2,432,斉藤崇史
ウィンターリリー,牝,3,51,438,岩戸孝樹
メイプルガーデン,牝,3,66,478,高市圭二
アマーティ,牝,3,6,480,武井亮
グローリーヴェイズ,牡,5,1,464,尾関知人
ルックトゥワイス,牡,6,14,440,藤原英昭
シュペルミエール,牡,6,14,504,木村哲也
ノーブルマーズ,牡,7,50,498,宮本博
エーティーサンダー,牡,6,31,528,湯窪幸雄
ムイトオブリガード,牡,6,6,506,角田晃一
ケントオー,牡,7,139,460,西橋豊治
ダッシングブレイズ,牡,7,255,500,斉藤崇史
メイショウテッコン,牡,4,31,508,高橋義忠
サラス,牝,5,4,536,西村真幸
ウインテンダネス,牡,7,155,512,杉山晴紀
マサハヤドリーム,牡,7,49,476,今野貞一
ロードヴァンドール,牡,7,7,508,昆貢
アイトーン,牡,4,35,480,五十嵐忠男
アフリカンゴールド,せ,5,14,466,西園正都
ガンコ,牡,7,85,510,武英智
ラストドラフト,牡,4,24,462,戸田博文
ランフォザローゼス,牡,4,5,504,藤沢和雄
ヒンドゥタイムズ,牡,4,13,470,斉藤崇史
シークレットラン,牡,3,33,494,田村康仁
リーガルメイン,牡,3,13,438,橋口慎介
ナイママ,牡,4,96,474,武藤善則
マードレヴォイス,牡,3,7,460,田村康仁
クリスタルバローズ,牡,3,18,480,奥村武
カフジジュピター,牡,3,1,458,矢作芳人
カイザースクルーン,牡,3,6,496,相沢郁
カテドラル,牡,4,3,490,池添学
ダノンラスター,牡,3,1,472,堀宣行
シャケトラ,牡,6,31,518,角居勝彦
フィエールマン,牡,5,1,478,手塚貴久
メートルダール,牡,7,59,482,戸田博文
ジェネラーレウーノ,牡,5,15,522,矢野英一
サクラアンプルール,牡,8,5,480,金成貴史
ダンビュライト,せ,6,6,498,音無秀孝
ショウナンバッハ,牡,8,14,452,上原博之
ステイインシアトル,牡,8,14,492,池江泰寿
マイネルミラノ,牡,9,14,490,相沢郁
ミライヘノツバサ,牡,7,34,498,伊藤大士
アクションスター,牡,9,256,474,和田勇介
インティ,牡,6,112,518,野中賢二
チュウワウィザード,牡,5,5,486,大久保龍志
スマハマ,牡,5,30,524,中内田充正
コスモカナディアン,牡,7,55,500,金成貴史
アスカノロマン,牡,8,86,516,川村禎彦
アングライフェン,牡,8,14,492,安田隆行
カゼノコ,牡,8,86,462,野中賢二
グレンツェント,牡,6,30,478,加藤征弘
シャイニービーム,牡,7,155,448,羽月友彦
メイショウスミトモ,牡,9,12,486,南井克巳
マイネルバサラ,牡,6,28,476,松山将樹
アンジュデジール,牝,5,1,488,昆貢
モルトベーネ,牡,7,71,472,田中淳司
ワンブレスアウェイ,牝,6,14,490,古賀慎明
ノームコア,牝,5,13,466,萩原清
ランドネ,牝,5,199,522,角居勝彦
ウラヌスチャーム,牝,5,6,498,斎藤誠
コルコバード,牝,6,14,458,木村哲也
レッドジェノヴァ,牝,5,53,500,小島茂之
レイホーロマンス,牝,7,13,424,橋田満
レイズアベール,牝,5,3,460,吉村圭司
ウスベニノキミ,牝,4,22,450,鈴木孝志
スカーレットカラー,牝,5,18,490,高橋亮
ティーエスクライ,牝,7,3,468,武幸四郎
エテルナミノル,牝,6,40,454,本田優
ヤマニンエルフィン,牝,8,257,520,松下武士
キンショーユキヒメ,牝,6,49,530,中村均
コパノキッキング,せ,5,233,482,村山明
ユラノト,牡,5,5,508,松田国英
クインズサターン,牡,6,23,476,野中賢二
モーニン,牡,7,258,526,石坂正
ワンダーリーデル,牡,7,166,524,安田翔伍
ノボバカラ,牡,8,226,510,森秀行
ヤマニンアンプリメ,牝,6,28,496,長谷川浩大
サンライズノヴァ,牡,6,12,534,音無秀孝
キタサンミカヅキ,牡,9,83,528,佐藤賢二
ケイアイノーテック,牡,5,1,480,平田修
クロスケ,牡,5,179,460,水野貴広
ラブバレット,牡,8,148,482,加藤和宏
マテラスカイ,牡,5,67,518,森秀行
サトノファンタシー,牡,7,17,500,松田国英
メイショウウタゲ,牡,9,82,516,安達昭夫
レッドゲルニカ,せ,6,52,546,藤沢和雄
ダノンスマッシュ,牡,5,2,472,安田隆行
エスティタート,牝,6,34,446,松永幹夫
ティーハーフ,牡,0,101,472,西浦勝一
アンヴァル,牝,5,2,476,藤岡健一
アレスバローズ,牡,7,1,484,角田晃一
ダイメイプリンセス,牝,7,83,504,森田直行
ペイシャフェリシタ,牝,7,3,492,高木登
ビップライブリー,牡,7,7,464,清水久詞
リョーノテソーロ,牡,4,259,504,武井亮
ライトフェアリー,牝,7,93,484,石毛善彦
ナインテイルズ,牡,9,68,476,長谷川浩大
サイタスリーレッド,牡,7,61,498,佐宗応和
キングハート,牡,7,260,500,星野忍
ラインスピリット,牡,8,51,438,松永昌博
セイウンコウセイ,牡,7,38,500,上原博之
フミノムーン,牡,7,38,452,西浦勝一
トウショウピスト,牡,8,37,486,土田稔
ラブカンプー,牝,5,94,448,森田直行
インディチャンプ,牡,5,14,482,音無秀孝
レッドオルガ,牝,5,1,452,藤原英昭
サトノアレス,牡,5,1,514,藤沢和雄
タワーオブロンドン,牡,5,261,516,藤沢和雄
レイエンダ,牡,5,5,494,藤沢和雄
ロジクライ,牡,7,3,522,須貝尚介
レアリスタ,牡,7,14,486,堀宣行
テトラドラクマ,牝,4,6,470,小西一男
ジャンダルム,牡,5,255,510,池江泰寿
ショウナンアンセム,牡,7,50,490,田中剛
ダノンチェイサー,牡,3,1,476,池江泰寿
タガノディアマンテ,牡,4,4,474,鮫島一歩
ランスオブプラーナ,牡,4,89,472,本田優
ヴァンドギャルド,牡,4,1,474,藤原英昭
メイショウテンゲン,牡,4,1,462,池添兼雄
アガラス,牡,3,19,504,古賀慎明
エングレーバー,牡,3,4,450,中内田充正
ダノンキングリー,牡,4,1,450,萩原清
アドマイヤマーズ,牡,4,7,484,友道康夫
クラージュゲリエ,牡,4,5,0,池江泰寿
フォッサマグナ,牡,3,204,460,藤沢和雄
ゲバラ,牡,3,1,472,伊藤大士
マカヒキ,牡,7,1,502,友道康夫
パフォーマプロミス,牡,8,14,466,藤原英昭
カフジプリンス,牡,6,3,530,矢作芳人
ハートレー,せ,6,1,474,手塚貴久
クロノジェネシス,牝,4,21,474,斉藤崇史
ビーチサンバ,牝,4,17,468,友道康夫
ジョディー,牝,3,7,488,戸田博文
カレンブーケドール,牝,4,1,478,国枝栄
レッドベルディエス,牝,3,1,458,鹿戸雄一
マドラスチェック,牝,3,171,502,斎藤誠
マジックリアリズム,牝,3,1,448,尾関知人
ミリオンドリームズ,牝,3,42,510,藤沢和雄
アークヴィグラス,牝,3,20,436,嶋田幸晴
ユーキャンスマイル,牡,5,5,504,友道康夫
サンデームーティエ,牡,5,107,438,谷原義明
カフェブリッツ,牡,6,31,530,池江泰寿
ソールインパクト,牡,8,1,494,戸田博文
ララエクラテール,牡,7,14,436,今野貞一
グローブシアター,牡,6,5,458,角居勝彦
シホウ,牡,8,5,496,笹田和秀
ルミナスウォリアー,牡,9,49,476,萱野浩二
ピッツバーグ,せ,6,61,494,矢作芳人
ブライトバローズ,牡,7,5,504,堀宣行
デアレガーロ,牝,5,31,482,大竹正博
リナーテ,牝,6,14,504,須貝尚介
アマルフィコースト,牝,5,7,470,牧田和弥
アルーシャ,牝,5,1,452,藤沢和雄
ミスパンテール,牝,5,7,514,昆貢
ワントゥワン,牝,6,1,454,藤岡健一
キョウワゼノビア,牝,6,3,476,角田晃一
カラクレナイ,牝,6,68,514,松下武士
リバティハイツ,牝,5,5,466,高野友和
エイシンティンクル,牝,6,1,492,上村洋行
レーヌミノル,牝,5,7,500,本田優
ベルーガ,牝,4,11,480,中内田充正
カイザーバル,牝,6,40,484,角居勝彦
ハーレムライン,牝,5,31,480,田中清隆
クリーンファンキー,牝,6,90,498,鈴木伸尋
オールポッシブル,牝,5,7,492,高橋亮
ディメンシオン,牝,6,1,450,藤原英昭
ゴールドドリーム,牡,7,12,532,平田修
サンライズソア,牡,5,53,510,河内洋
サクセスエナジー,牡,6,11,544,北出成人
オメガパフューム,牡,5,51,460,安田翔伍
ノンコノユメ,せ,8,262,446,荒山勝徳
スティッフェリオ,牡,6,14,444,音無秀孝
サイモンラムセス,牡,0,19,454,梅田智之
ナイトオブナイツ,牡,7,13,456,池添兼雄
ブラックスピネル,せ,7,107,510,音無秀孝
レトロロック,牡,7,1,482,角居勝彦
スズカディープ,せ,8,1,438,橋田満
ケイティクレバー,牡,5,13,464,杉山晴紀
マルターズアポジー,牡,8,263,534,堀井雅広
アメリカズカップ,牡,6,31,454,音無秀孝
ラッキーライラック,牝,5,4,522,松永幹夫
ステルヴィオ,牡,5,2,494,木村哲也
スワーヴリチャード,牡,5,3,526,庄野靖志
エポカドーロ,牡,4,4,490,藤原英昭
ディアドラ,牝,5,13,504,橋田満
ハッピーグリン,牡,5,68,460,森秀行
シベリアンスパーブ,牡,0,264,510,堀井雅広
トルークマクト,牡,9,265,460,尾関知人
レッツゴードンキ,牝,7,5,504,梅田智之
エントシャイデン,牡,5,1,478,矢作芳人
ダイアナヘイロー,牝,6,83,474,大根田裕之
ミスターメロディ,牡,5,154,492,藤原英昭
スターオブペルシャ,せ,6,7,516,藤沢和雄
タイムトリップ,牡,6,102,492,菊川正達
コウエイタケル,牡,8,14,502,山内研二
ヒルノデイバロー,牡,8,31,514,昆貢
アドマイヤゴッド,牡,7,3,498,須貝尚介
ダイメイフジ,牡,6,86,506,森田直行
モズスーパーフレア,牝,5,67,502,音無秀孝
ナックビーナス,牝,7,7,532,杉浦宏昭
エントリーチケット,牝,5,39,464,宮徹
カイザーメランジェ,牡,5,266,488,中野栄治
イエローマリンバ,牝,4,1,448,河内洋
ナリタスターワン,牡,8,94,482,須田和伸
スタークニナガ,牡,4,266,440,田中正二
スノードラゴン,牡,1,200,514,高木登
ダノンファンタジー,牝,4,1,476,中内田充正
シゲルピンクダイヤ,牝,4,7,478,渡辺薫彦
ノーブルスコア,牝,3,1,434,藤原英昭
シェーングランツ,牝,3,1,468,藤沢和雄
ブランノワール,牝,4,2,456,須貝尚介
マルモネオフォース,牝,3,43,484,木原一良
アフランシール,牝,4,3,492,尾関知人
メイショウショウブ,牝,4,7,498,池添兼雄
オーパキャマラード,牝,3,33,480,本田優
ハニーウィル,牝,3,10,440,村山明
サムシングジャスト,牝,4,18,516,松田国英
ブリッツアウェイ,牝,3,1,430,音無秀孝
シュヴァルツリーゼ,牡,3,3,476,堀宣行
ブレイキングドーン,牡,3,18,488,中竹和也
ニシノデイジー,牡,4,13,490,高木登
カントル,牡,3,1,464,藤原英昭
サトノラディウス,牡,3,1,480,国枝栄
ヴァンケドミンゴ,牡,4,6,468,藤岡健一
ラバストーン,牡,3,85,456,大江原哲
フロンテアクイーン,牝,6,49,474,国枝栄
アッフィラート,牝,6,1,442,藤原英昭
デンコウアンジュ,牝,7,49,472,荒川義之
フローレスマジック,牝,5,1,484,木村哲也
クロコスミア,牝,6,14,444,西浦勝一
ウインファビラス,牝,6,14,472,畠山吉宏
カワキタエンカ,牝,5,1,466,浜田多実雄
ミッキーチャーム,牝,4,1,456,中内田充正
オジュウチョウサン,牡,9,14,516,和田正一郎
タイセイドリーム,牡,9,1,544,矢作芳人
シンキングダンサー,せ,7,178,468,武市康男
アズマタックン,牡,7,19,510,加用正
シークレットパス,牡,8,178,460,尾形和幸
ヤマニンシルフ,牡,7,7,448,千田輝彦
スマートカルロス,牡,7,11,478,浅見秀一
ドラゴンバローズ,牡,7,5,508,渡辺薫彦
ルペールノエル,牡,0,38,520,藤原英昭
シゲルクロカジキ,牡,6,138,528,服部利之
メイショウヒカル,牡,5,41,484,松永昌博
ユアーザワン,牡,7,12,496,高橋文雅
ノーワン,牝,4,3,486,笹田和秀
プールヴィル,牝,4,134,444,庄野靖志
ジュランビル,牝,3,11,460,寺島良
イベリス,牝,4,2,478,角田晃一
メイショウケイメイ,牝,4,43,422,南井克巳
ラミエル,牝,3,16,444,橋口慎介
アウィルアウェイ,牝,4,16,488,高野友和
アズマヘリテージ,牝,3,105,456,河内洋
エイティーンガール,牝,4,37,448,飯田祐史
キュールエサクラ,牝,3,31,448,中内田充正
キュールエミヤビ,牝,3,19,456,中尾秀正
ウォーターエデン,牝,3,13,472,岡田稲男
アスタールビー,牝,4,2,450,南井克巳
レッドアネモス,牝,4,18,466,友道康夫
ラブミーファイン,牝,3,16,444,田所秀孝
ココフィーユ,牝,3,2,430,斎藤誠
ダノンプレミアム,牡,5,1,496,中内田充正
リスグラシュー,牝,5,3,468,矢作芳人
エアウィンザー,せ,6,5,498,角居勝彦
ペルシアンナイト,牡,6,13,500,池江泰寿
アルアイン,牡,5,1,526,池江泰寿
ギベオン,牡,5,1,504,藤原英昭
スズカデヴィアス,牡,8,5,516,橋田満
モズカッチャン,牝,5,13,500,鮫島一歩
サトノワルキューレ,牝,5,1,476,角居勝彦
コントラチェック,牝,4,1,470,藤沢和雄
エールヴォア,牝,3,18,500,橋口慎介
ランブリングアレー,牝,4,1,470,友道康夫
シャドウディーヴァ,牝,4,3,478,斎藤誠
アイリスフィール,牝,3,13,438,相沢郁
フラル,牝,3,43,448,北出成人
レオンドーロ,牝,3,15,470,伊藤大士
ルタンブル,牝,3,22,430,寺島良
メイショウハナグシ,牝,3,19,472,飯田祐史
ミモザイエロー,牝,3,4,450,戸田博文
マルーンベルズ,牝,3,18,454,萩原清
グルーヴィット,牡,4,2,498,松永幹夫
ローゼンクリーガー,牝,3,24,462,高橋亮
ショウナンタイガ,牡,3,1,476,池添兼雄
ブリングイットオン,牝,3,11,424,宮徹
ヴァッシュモン,牡,3,123,454,栗田徹
ダノンジャスティス,牡,3,180,496,中内田充正
ザイツィンガー,牡,3,34,422,牧田和弥
スタークォーツ,牝,3,41,474,寺島良
シングルアップ,牡,3,11,536,寺島良
ドゴール,牡,3,129,462,黒岩陽一
イッツクール,牡,3,267,470,武英智
ジャカランダシティ,牡,3,37,454,牧浦充徳
ジャパンスウェプト,牡,3,51,434,古賀慎明
ニューホープ,牡,3,65,432,尾島徹
エメラルファイト,牡,4,17,460,相沢郁
ファンタジスト,牡,3,2,492,梅田智之
ディキシーナイト,牡,3,7,532,国枝栄
ヒシイグアス,牡,3,3,488,堀宣行
クリノガウディー,牡,4,15,502,藤沢則雄
ロジャーバローズ,牡,3,1,486,角居勝彦
ニシノカツナリ,牡,3,6,470,水野貴広
ユニコーンライオン,牡,3,211,526,矢作芳人
フィデリオグリーン,牡,3,268,498,根本康広
コスモカレンドゥラ,牡,3,24,446,田中博康
リバーシブルレーン,牡,3,3,440,高木登
カラテ,牡,3,56,482,高橋祥泰
アドマイヤエイカン,牡,6,3,504,須貝尚介
リッジマン,牡,7,51,456,庄野靖志
ヴォージュ,牡,6,85,522,西村真幸
エタリオウ,牡,5,14,474,友道康夫
ゴーフォザサミット,牡,5,3,512,藤沢和雄
クリンチャー,牡,6,71,494,宮本博
チェスナットコート,牡,6,3,470,矢作芳人
グランアルマダ,せ,7,7,532,西園正都
ウーリリ,牡,3,1,494,友道康夫
ケイデンスコール,牡,4,2,466,安田隆行
オールイズウェル,牡,3,6,490,佐々木晶三
ダノンテイオー,牡,3,1,464,大久保龍志
ルモンド,牡,3,1,456,中内田充正
キングオブコージ,牡,4,2,492,安田翔伍
セントウル,牡,4,3,474,森秀行
アンタエウス,牡,3,37,440,川西毅
サトノティターン,牡,7,53,584,堀宣行
ロンドンタウン,牡,6,92,526,牧田和弥
リーゼントロック,牡,8,7,528,矢作芳人
ヒラボクラターシュ,牡,5,11,530,大久保龍志
サンマルデューク,牡,1,55,520,和田勇介
ロードゴラッソ,牡,5,3,482,藤岡健一
ジョーダンキング,牡,6,5,498,藤原英昭
センチュリオン,牡,7,5,540,田村康仁
テーオーエナジー,牡,5,92,512,宮徹
アルドーレ,牡,5,4,492,昆貢
ハーベストムーン,牡,4,31,504,浅見秀一
エイシンセラード,牝,4,92,508,今野貞一
マイネルオフィール,牡,7,12,518,飯田雄三
ハイランドピーク,牡,6,152,470,土田稔
フィアーノロマーノ,牡,6,103,560,高野友和
プリモシーン,牝,5,1,510,木村哲也
ダイアトニック,牡,5,2,474,安田隆行
ドーヴァー,牡,7,38,506,伊藤圭三
ダイワキャグニー,せ,6,5,496,菊沢隆徳
ハクサンルドルフ,牡,6,38,466,西園正都
キャプテンペリー,せ,6,17,490,岩戸孝樹
ジョーストリクトリ,牡,5,72,510,清水久詞
キセキ,牡,6,6,516,角居勝彦
ワグネリアン,牡,5,1,470,友道康夫
ブラストワンピース,牡,5,13,546,大竹正博
サングレーザー,牡,5,1,486,浅見秀一
ワイドファラオ,牡,4,10,506,角居勝彦
ヴィッテルスバッハ,牡,3,6,458,池上昌和
ショーヒデキラ,牡,3,26,470,鈴木伸尋
ミッキーブラック,牡,3,19,474,音無秀孝
カルリーノ,牡,3,39,498,高橋裕
グラナタス,牡,3,2,468,鹿戸雄一
ホープフルサイン,牡,3,46,488,本間忍
ダイシンインディー,牡,4,12,538,戸田博文
エリーバラード,牝,3,267,488,菊沢隆徳
アンクルテイオウ,牡,3,13,474,高橋亮
カンタービレ,牝,4,1,438,角居勝彦
メイショウオワラ,牝,5,26,460,岡田稲男
グランアレグリア,牝,4,1,502,藤沢和雄
レッドアステル,牝,3,1,408,国枝栄
ルガールカルム,牝,3,2,456,田村康仁
マイネルプロンプト,せ,7,39,472,坂口智康
ラピッドシップ,牡,5,6,482,武英智
ニホンピロバロン,牡,9,269,486,田所秀孝
ミヤジタイガ,牡,9,30,510,武幸四郎
トーアツキヒカリ,せ,5,6,454,藤原辰雄
シゲルボスザル,牡,5,82,468,谷潔
トオヤリトセイト,牡,3,34,470,松下武士
ロードグラディオ,牡,4,5,494,西浦勝一
ミッキースピリット,牡,4,1,490,音無秀孝
ヤマニンマヒア,牡,3,1,440,松永幹夫
サンノゼテソーロ,牡,3,270,458,田中博康
ジャミールフエルテ,牡,3,4,466,大久保龍志
ジゴロ,牡,3,121,454,鮫島一歩
サートゥルナーリア,牡,4,2,508,角居勝彦
ヴェロックス,牡,4,16,498,中内田充正
アドマイヤジャスタ,牡,4,16,510,須貝尚介
ダディーズマインド,牡,3,60,472,青木孝文
サトノルークス,牡,4,1,480,池江泰寿
アナザートゥルース,せ,6,25,486,高木登
グリム,牡,4,59,506,野中賢二
ウェスタールンド,せ,8,30,488,佐々木晶三
ナムラアラシ,牡,7,40,528,牧田和弥
ピオネロ,牡,8,30,504,松永幹夫
オルナ,牡,7,5,524,岡田稲男
トラキチシャチョウ,牡,8,197,506,服部利之
コパノチャーリー,牡,7,86,526,村山明
ドライヴナイト,牡,6,52,516,奥村豊
ダノングレース,牝,5,1,422,国枝栄
ペルソナリテ,牝,6,14,448,相沢郁
ミッシングリンク,牝,5,18,530,斎藤誠
カレンシリエージョ,牝,5,13,488,鈴木孝志
ビスカリア,牝,7,64,468,山内研二
ウィクトーリア,牝,3,18,466,小島茂之
フェアリーポルカ,牝,4,6,506,西村真幸
ペレ,牝,3,3,434,奥村武
ウインゼノビア,牝,3,15,460,青木孝文
アモレッタ,牝,3,1,466,藤原英昭
クラサーヴィツァ,牝,3,3,444,武井亮
エアジーン,牝,4,13,458,堀宣行
フォークテイル,牝,3,2,440,中川公成
イノセントミューズ,牝,3,18,460,笹田和秀
セラピア,牝,4,4,0,藤岡健一
エトワール,牝,3,13,474,牧光二
ヴィエナブロー,牝,3,271,440,林徹
ネリッサ,牝,3,29,418,勢司和浩
ローズテソーロ,牝,3,3,450,金成貴史
モズアスコット,牡,6,42,492,矢作芳人
トーアライジン,牡,6,272,510,村山明
リオンリオン,牡,3,6,486,松永幹夫
ピースワンパラディ,牡,4,50,466,大竹正博
キタサンバルカン,牡,3,6,436,奥村武
マコトジュズマル,牡,3,13,474,鮫島一歩
バラックパリンカ,牡,4,24,442,平田修
アドマイヤスコール,牡,3,26,480,加藤征弘
ピンシェル,牡,3,6,522,高橋文雅
カウディーリョ,牡,4,5,450,堀宣行
ディバインフォース,牡,3,43,448,寺島良
タイセイモナーク,牡,3,6,464,西村真幸
アルママ,牡,3,4,438,畠山吉宏
トーセンカンビーナ,牡,4,1,460,加藤征弘
メールドグラース,牡,4,6,480,清水久詞
ミッキースワロー,牡,6,60,478,菊沢隆徳
ロシュフォール,牡,4,5,520,木村哲也
クリノヤマトノオー,牡,5,50,474,高橋義忠
アストラエンブレム,せ,7,7,476,小島茂之
ドレッドノータス,せ,7,13,458,矢作芳人
アウトライアーズ,牡,6,18,496,小島茂之
サンデーウィザード,牡,8,30,468,大久保龍志
レッドジェニアル,牡,4,5,484,高橋義忠
サトノソロモン,牡,3,1,550,池江泰寿
ヒーリングマインド,牡,3,273,476,松田国英
モズベッロ,牡,4,26,470,森田直行
トーセンスカイ,牡,3,91,484,藤原英昭
ハバナウインド,牡,3,13,456,浅見秀一
フランクリン,牡,3,1,474,音無秀孝
ヤマカツシシマル,牡,3,31,496,谷潔
トゥザクラウン,牡,5,5,528,池江泰寿
キャナルストリート,牝,5,31,468,大竹正博
ブロワ,牝,6,41,478,大江原哲
シゲルヒノクニ,牡,7,23,498,粕谷昌央
ピエナクルーズ,牡,6,13,462,飯田祐史
メイショウタンヅツ,牡,5,41,448,藤沢則雄
タマモプラネット,牡,9,30,496,南井克巳
サムライフォンテン,牡,6,93,480,石毛善彦
ウインレーベン,牡,8,3,474,長谷川浩大
キークラッカー,牡,6,50,520,土田稔
メイショウゴウキ,せ,5,173,488,上村洋行
パッシングブリーズ,牡,8,17,490,浅見秀一
アエロリット,牝,5,17,514,菊沢隆徳
サウンドキアラ,牝,5,1,456,安達昭夫
ソウルスターリング,牝,6,42,512,藤沢和雄
モズアトラクション,牡,6,50,500,松下武士
マイネルユキツバキ,牡,4,25,530,高木登
クイーンマンボ,牝,5,31,520,角居勝彦
ラヴズオンリーユー,牝,4,1,480,矢作芳人
ディアンドル,牝,4,6,494,奥村豊
アスターペガサス,牡,3,274,512,中竹和也
ディープダイバー,牡,4,19,452,大久保龍志
ケイアイサクソニー,牡,3,2,490,山内研二
タマモメイトウ,牡,4,22,490,藤岡健一
マリアズハート,牝,4,275,492,菊沢隆徳
ジャスティン,牡,4,4,488,矢作芳人
マイネルサーパス,牡,4,25,482,高木登
ヴィント,牡,3,46,516,千田輝彦
アイスバブル,牡,5,1,446,池江泰寿
パリンジェネシス,せ,6,29,506,清水久詞
ポポカテペトル,牡,6,1,486,友道康夫
プラチナムバレット,牡,5,31,482,河内洋
アーモンドアイ,牝,5,2,490,国枝栄
ソーグリッタリング,牡,6,14,486,池江泰寿
ブレスジャーニー,牡,6,75,480,佐々木晶三
プロディガルサン,牡,7,1,502,国枝栄
アンノートル,牡,6,25,514,田中博康
ストーンウェア,牡,7,276,460,吉田直弘
カラビナ,牡,6,14,514,藤岡健一
ダノンキングダム,牡,6,14,484,安田隆行
アップクォーク,牡,6,54,512,中川公成
レッドランディーニ,牝,5,1,448,石坂正
センテリュオ,牝,5,1,476,高野友和
ウインクルサルーテ,牝,6,13,432,高橋亮
モーヴサファイア,牝,5,13,508,池添学
チカノワール,牝,5,13,468,笹田和秀
クィーンズベスト,牝,6,43,506,大久保龍志
サンティール,牝,5,13,486,鹿戸雄一
ダンサール,牝,4,3,508,須貝尚介
アドラータ,牝,4,4,486,石坂公一
レーツェル,牝,4,31,478,伊藤大士
デュープロセス,牡,4,277,480,安田隆行
ダンツキャッスル,牡,3,6,478,谷潔
ヴァニラアイス,牝,3,11,444,高柳大輔
エルモンストロ,牡,3,6,476,角居勝彦
アシャカトブ,牡,4,28,500,小笠倫弘
デアフルーグ,牡,3,54,496,鈴木伸尋
ザディファレンス,牡,3,38,470,相沢郁
ノーヴァレンダ,牡,3,7,524,斉藤崇史
ニューモニュメント,牡,3,10,472,小崎憲
ヴァイトブリック,牡,3,53,494,和田正一郎
オンザウェイ,牡,3,108,520,大和田成
イメル,牡,3,11,460,音無秀孝
サトノギャロス,牡,3,10,518,西園正都
ユキノアイオロス,せ,1,129,486,石毛善彦
サフランハート,牡,7,226,454,北出成人
シュウジ,牡,7,11,502,須貝尚介
ライトオンキュー,牡,5,114,512,昆貢
タマモブリリアン,牝,6,139,484,南井克巳
シングンマイケル,せ,6,176,462,大江原哲
メイショウオトコギ,せ,0,41,512,飯田祐史
アグリッパーバイオ,牡,8,278,448,須貝尚介
マイネルピクトル,牡,8,59,502,青木孝文
シゲルピーマン,せ,5,93,490,湯窪幸雄
セガールフォンテン,牡,0,279,492,石毛善彦
ビットアレグロ,牡,0,12,494,松永康利
シゲルボブキャット,牡,5,97,452,上村洋行
ハルキストン,牡,5,55,462,浅見秀一
レイデオロ,牡,5,5,494,藤沢和雄
タツゴウゲキ,牡,7,138,496,鮫島一歩
ヒルノダカール,牡,3,18,510,北出成人
ブレイブメジャー,牡,3,7,488,萩原清
ポルーニン,牡,3,151,482,戸田博文
サヴォワールエメ,牝,4,7,452,友道康夫
インテンスライト,牡,3,22,490,菊沢隆徳
ギルマ,牡,3,13,494,高橋義忠
レッドアンシェル,牡,6,31,476,庄野靖志
グランドボヌール,牡,6,40,488,鈴木孝志
コパノディール,牝,6,40,446,武藤善則
ラベンダーヴァレイ,牝,6,1,440,藤原英昭
クレッシェンドラヴ,牡,6,14,500,林徹
エンジニア,牡,7,280,484,牧光二
ベルキャニオン,牡,8,1,496,堀宣行
アルクトス,牡,5,226,544,栗田徹
ミッキーワイルド,牡,5,2,506,安田隆行
ヴェンジェンス,牡,7,52,496,大根田裕之
アディラート,牡,6,6,508,須貝尚介
キングズガード,牡,9,28,470,寺島良
ウインムート,牡,6,55,510,加用正
ワンダーサジェス,牝,6,19,494,石橋守
ダノングッド,牡,7,281,520,宗形竹見
プロトコル,牡,8,15,532,牧光二
ドンフォルティス,牡,4,10,492,牧浦充徳
オールドベイリー,せ,5,282,462,中内田充正
アードラー,牡,6,28,482,音無秀孝
マイネルファンロン,牡,5,14,482,手塚貴久
レッドローゼス,牡,6,14,484,国枝栄
アーバンキッド,牡,6,3,482,斎藤誠
ゴールドギア,牡,5,2,488,伊藤圭三
カルヴァリオ,せ,7,39,470,大竹正博
エアスピネル,牡,7,5,492,笹田和秀
レインボーフラッグ,牡,7,50,468,小崎憲
キャンベルジュニア,牡,8,283,552,堀宣行
コスモイグナーツ,牡,4,22,458,高橋祥泰
ヴェネト,牡,7,1,460,藤原英昭
ロワアブソリュー,牡,7,59,518,須貝尚介
ビアンフェ,牡,3,8,560,中竹和也
タイセイビジョン,牡,3,29,468,西村真幸
プリンスリターン,牡,3,73,452,加用正
パフェムリ,牝,3,18,434,岡田稲男
レッドヴェイパー,牝,2,11,410,安田隆行
ブルーパピヨン,牝,2,39,440,田島俊明
メイショウナパワン,牡,2,78,458,飯田祐史
リュウノゲキリン,牡,2,87,484,牧田和弥
プリモジョーカー,牝,2,88,450,角川秀樹
スマートカーリー,牝,2,9,456,須貝尚介
ヤマメ,牝,2,23,444,久保田貴士
アザワク,牝,2,48,456,角川秀樹
イーサンティラノ,牡,2,162,444,昆貢
ゴッドスター,牡,2,108,484,池上昌和
バブルガムダンサー,牝,2,23,514,角川秀樹
マンバー,牝,2,72,458,中野栄治
メイショウダッサイ,牡,7,70,512,飯田祐史
シゲルロウニンアジ,牡,7,19,502,湯窪幸雄
ボナパルト,牡,5,35,500,庄野靖志
バイオンディップス,牡,7,31,518,小島茂之
レジェンドパワー,せ,7,284,444,中野栄治
サウスオブボーダー,牡,7,59,466,五十嵐忠男
ライオンボス,牡,5,75,538,和田正一郎
カッパツハッチ,牝,5,11,474,矢野英一
レジーナフォルテ,牝,6,267,502,佐藤吉勝
フェルトベルク,牝,6,19,456,荒川義之
レッドラウダ,牡,6,7,516,音無秀孝
アルマエルナト,せ,8,30,462,伊藤大士
ミキノドラマー,牡,7,94,482,南田美知雄
アンフィトリテ,牝,4,2,482,宗像義忠
カリビアンゴールド,牝,6,14,472,鮫島一歩
サトノガーネット,牝,5,1,442,矢作芳人
シャンティローザ,牝,5,61,482,松永幹夫
フィニフティ,牝,4,1,442,藤原英昭
リンディーホップ,牝,5,3,474,金成貴史
リリックドラマ,牝,6,14,464,岡田稲男
ハヤヤッコ,牡,4,5,474,国枝栄
デルマルーヴル,牡,4,23,494,戸田博文
トイガー,牡,3,10,544,高市圭二
ブルベアイリーデ,牡,4,11,492,杉山晴紀
ロードリバーサル,牡,3,3,486,藤岡健一
ハヤブサナンデクン,牡,3,12,496,吉村圭司
アヴァンセ,牡,3,98,470,吉村圭司
ビルジキール,牡,4,83,496,安達昭夫
アッシェンプッテル,牝,4,75,512,奥村豊
ブラックウォーリア,牡,3,19,498,西村真幸
ワシントンテソーロ,牡,3,285,484,斎藤誠
メスキータ,牡,3,19,516,山内研二
カデナ,牡,6,1,478,中竹和也
アイスストーム,牡,5,101,518,吉村圭司
ミッキーグローリー,牡,6,1,554,国枝栄
オールフォーラヴ,牝,5,1,468,中内田充正
トミケンキルカス,牡,7,90,516,大和田成
マイネルアウラート,牡,8,14,470,高橋裕
ファストアプローチ,せ,4,246,0,藤沢和雄
レッドアトゥ,牝,5,52,454,松田国英
リアンヴェリテ,牡,6,12,484,中竹和也
サングラス,牡,9,166,508,谷潔
ドリームキラリ,牡,8,274,488,矢作芳人
ミラアイトーン,牡,6,182,558,菊沢隆徳
クインズサリナ,牝,5,61,460,西村真幸
シャドウノエル,牝,4,134,466,角居勝彦
ラインシュナイダー,牡,7,64,474,松永昌博
クルーガー,牡,8,5,532,高野友和
マイブルーヘブン,牡,6,6,482,高橋義忠
コウユーヌレエフ,牡,6,55,496,斉藤崇史
メドウラーク,牡,9,107,508,橋田満
トーヨーピース,牡,5,130,474,土田稔
デュアルメジャー,せ,7,7,492,黒岩陽一
シュンクルーズ,牡,7,90,456,柄崎孝
ダノンシーザー,牡,7,1,460,安田翔伍
マイネルヴァッサー,牡,6,14,432,土田稔
ウーマンズハート,牝,3,3,464,西浦勝一
ペールエール,牡,3,7,506,安田隆行
ビッククインバイオ,牝,3,35,482,牧光二
クリアサウンド,牝,2,8,478,杉山晴紀
エレナアヴァンティ,牝,3,38,454,宗像義忠
シコウ,牡,3,39,456,牧光二
ウインカーネリアン,牡,3,15,490,鹿戸雄一
モーベット,牝,2,4,470,藤沢和雄
トロワマルス,牝,3,35,466,杉浦宏昭
サナチャン,牝,3,32,420,武藤善則
トライフォーリアル,牡,2,45,494,萩原清
カイアワセ,牝,2,25,438,星野忍
タイムマシン,牡,2,2,444,手塚貴久
セツメンノトビウオ,牡,2,17,430,牧田和弥
グライユル,牝,2,9,436,鹿戸雄一
グランチェイサー,牡,2,7,448,矢野英一
パラダイスガーデン,牝,7,286,492,粕谷昌央
ブラックホール,牡,3,27,436,相沢郁
サトノゴールド,牡,3,27,468,須貝尚介
ダーリントンホール,牡,3,156,520,木村哲也
レザネフォール,牡,2,5,442,池江泰寿
ヨハネスボーイ,牡,2,37,452,桧森邦夫
ゴルコンダ,牡,2,18,524,木村哲也
コンドゥクシオン,牡,3,7,508,中舘英二
ディアセオリー,牡,2,93,482,高木登
カップッチョ,牡,2,72,448,高市圭二
コスモインペリウム,牡,3,63,508,和田雄二
エイリアス,牡,2,2,466,浅見秀一
アールクインダム,牝,3,69,466,伊藤大士
ジナンボー,牡,5,1,492,堀宣行
フランツ,牡,4,1,444,音無秀孝
カヴァル,牡,4,22,506,勢司和浩
サトノキングダム,牡,6,1,464,国枝栄
クラウンディバイダ,せ,6,7,456,天間昭一
アクート,牡,6,14,436,宗像義忠
マイネルグリット,牡,3,15,484,吉田直弘
トリプルエース,牡,3,114,474,斉藤崇史
ラウダシオン,牡,3,45,512,斉藤崇史
ゼンノジャスタ,牡,3,16,464,浅見秀一
カイルアコナ,牝,2,11,434,高橋義忠
テーオーマルクス,牡,3,2,472,宮徹
カリニート,牡,2,6,460,大根田裕之
ヒメサマ,牝,2,7,418,梅田智之
ホープホワイト,牝,2,37,444,武井亮
シゲルミズガメザ,牡,2,39,438,鈴木孝志
ミントティー,牝,2,52,414,高柳大輔
ローランダー,牝,2,56,444,湯窪幸雄
グランドデューク,牡,2,16,512,庄野靖志
ヒバリ,牝,2,9,432,加用正
クールウォーター,牝,3,1,424,堀宣行
スパークオブライフ,牝,3,6,400,小島茂之
グラディーヴァ,牝,3,13,454,角居勝彦
アップライトスピン,牝,3,1,464,池上昌和
メイクハッピー,牝,3,188,474,新開幸一
トーセンガーネット,牝,3,86,462,小笠倫弘
ウエスタンランポ,牝,3,54,414,深山雅史
トロワゼトワル,牝,5,2,464,安田隆行
サトノエメラルド,牡,5,5,486,安田隆行
トゥルーハート,せ,7,3,454,庄野靖志
ブライトクォーツ,牡,6,43,478,荒川義之
シゲルスズキ,牡,7,90,506,藤沢則雄
カシノランペイジ,せ,4,37,502,谷潔
オールマンリバー,牡,7,5,506,五十嵐忠男
マイネルフィエスタ,牡,9,53,520,長谷川浩大
スイープセレリタス,牝,4,3,518,藤沢和雄
モアナアネラ,牝,3,5,420,石坂正
アルティマリガーレ,牝,3,13,444,佐々木晶三
ビックピクチャー,牝,3,1,416,藤原英昭
ベストクィーン,牝,3,15,414,西橋豊治
ラシェーラ,牝,3,6,446,笹田和秀
ザダル,牡,4,91,492,大竹正博
ルヴォルグ,牡,3,1,524,藤沢和雄
エターナルヴィテス,牡,3,56,470,松山将樹
アトミックフォース,牡,4,43,476,武藤善則
ミューチャリー,牡,4,23,464,矢野義幸
オセアグレイト,牡,4,4,494,菊川正達
マテリアルワールド,牡,3,49,508,中川公成
グレイル,牡,4,3,494,野中賢二
トニーファイブ,せ,4,41,444,森秀行
ワールドプレミア,牡,4,1,484,友道康夫
シフルマン,牡,3,13,494,中尾秀正
ジョウショームード,牡,3,69,424,服部利之
メイショウワザシ,牡,5,25,542,南井克巳
サトノプライム,牡,6,115,496,南井克巳
マッスルビーチ,牡,3,49,464,鈴木孝志
メイプルブラザー,牡,5,92,486,山内研二
ロードアルペジオ,牡,7,5,496,笹田和秀
ヤマカツライデン,牡,8,53,544,池添兼雄
サリオス,牡,3,3,538,堀宣行
クラヴァシュドール,牝,3,3,460,中内田充正
アブソルティスモ,牡,3,7,500,藤沢和雄
ジェラペッシュ,牝,2,77,446,尾関知人
エンジェルサークル,牝,2,2,436,中川公成
ロードエクスプレス,牡,2,11,438,坂口智康
イロゴトシ,牡,3,113,464,牧田和弥
シルヴァンシャー,牡,5,1,476,池江泰寿
レノヴァール,牡,5,3,532,高野友和
アルバート,牡,9,287,472,橋口慎介
エスポワール,牝,4,4,486,角居勝彦
トゥーフラッシー,牝,3,19,462,高市圭二
サトノダムゼル,牝,4,1,454,堀宣行
シングフォーユー,牝,3,16,460,牧光二
トラスト,牡,6,15,510,長谷川浩大
クリュティエ,牝,5,39,480,松山将樹
サトノアッシュ,牡,7,5,492,中竹和也
スマートガルーダ,牡,6,3,482,粕谷昌央
クラウンフレイム,牡,7,167,492,大根田裕之
ショウナンライズ,牡,7,7,476,上原博之
イレイション,牡,8,71,502,池上昌和
リコーワルサー,牡,5,19,494,荒山勝徳
メロディーレーン,牝,4,4,340,森田直行
ヒシゲッコウ,牡,3,6,484,堀宣行
ホウオウサーベル,牡,3,3,486,奥村武
カリボール,牡,3,16,490,須貝尚介
リアアメリア,牝,3,1,482,中内田充正
サンクテュエール,牝,3,1,472,藤沢和雄
ラインオブダンス,牝,3,3,482,矢作芳人
オータムレッド,牝,2,77,418,手塚貴久
ルーチェデラヴィタ,牝,3,8,446,西村真幸
ショウナンハレルヤ,牝,3,8,456,矢野英一
オムニプレゼンス,牝,2,1,436,国枝栄
ムーンクエイク,せ,7,38,512,藤沢和雄
ヴァルナ,牡,3,9,478,寺島良
グレイトホーン,牡,3,267,480,根本康広
カイトレッド,牝,2,157,448,和田雄二
セイラブミー,牝,2,37,452,伊藤大士
アポロニケ,牝,2,99,454,岩戸孝樹
レシステンシア,牝,3,7,500,松下武士
マジックキャッスル,牝,3,1,432,国枝栄
ヤマカツマーメイド,牝,3,2,496,池添兼雄
ヒルノマリブ,牝,3,12,486,北出成人
ケープコッド,牝,3,7,466,高柳瑞樹
ペコリーノロマーノ,牝,3,2,430,久保田貴士
シャレード,牝,3,7,494,藤原英昭
ベッラヴォルタ,牝,2,18,478,加用正
パドゥヴァルス,牝,2,9,432,吉田直弘
ラヴォアドゥース,牝,2,7,442,渡辺薫彦
エールヴィオレ,牝,2,29,434,武英智
モズアーントモー,牝,3,98,506,森田直行
レジェーロ,牝,3,8,398,西村真幸
タイセイトレイル,牡,5,3,494,矢作芳人
トラストケンシン,牡,4,3,468,高橋文雅
マコトガラハッド,せ,6,70,498,鮫島一歩
アドマイヤビクター,牡,4,6,516,友道康夫
ラビットラン,牝,5,100,462,角居勝彦
ダノンフェイス,牡,7,5,534,大久保龍志
ダンツゴウユウ,牡,6,145,472,谷潔
カフジテイク,牡,8,82,504,湯窪幸雄
エアアルマス,牡,5,288,494,池添学
フェニックスマーク,牡,5,28,548,田島俊明
スウィングビート,牡,5,100,490,加藤征弘
マジカルスペル,牡,5,289,540,藤原英昭
ミキノトランペット,牡,5,63,530,大橋勇樹
ディライトフル,せ,8,290,488,大久保龍志
トラキアンコード,せ,8,31,518,武市康男
ブレイクスピアー,牡,5,19,486,長谷川浩大
テイエムコンドル,牡,8,190,470,石栗龍彦
ユキノエルドール,牡,5,108,464,和田正一郎
メイショウゴウリキ,牡,4,6,490,南井克巳
レッドベルジュール,牡,2,1,476,藤原英昭
ウイングレイテスト,牡,3,15,486,青木孝文
ライティア,牝,2,1,408,石坂正
サクセッション,牡,3,5,514,国枝栄
アジャストザルート,牡,2,16,484,池添学
コルテジア,牡,3,53,458,鈴木孝志
インザムード,牡,2,24,478,浅見秀一
エキサイター,牡,2,66,528,長南和宏
アサケエース,牡,2,77,424,大橋勇樹
アルメリアブルーム,牝,6,34,440,高橋康之
ゴージャスランチ,牝,5,31,518,鹿戸雄一
ポンデザール,牝,5,3,496,堀宣行
ミスマンマミーア,牝,5,107,468,寺島良
ブライトムーン,牝,5,6,448,大久保龍志
ウインイクシード,牡,6,31,496,鈴木伸尋
アロハリリー,牝,5,3,468,高野友和
コントレイル,牡,3,1,456,矢作芳人
アルジャンナ,牡,3,1,454,池江泰寿
ラインベック,牡,3,1,488,友道康夫
オーロラフラッシュ,牝,3,42,456,藤沢和雄
リグージェ,牡,2,19,470,木村哲也
マイネルデステリョ,牡,2,22,450,畠山吉宏
ソウルトレイン,牡,3,84,462,西村真幸
マイラプソディ,牡,3,3,510,友道康夫
ミヤマザクラ,牝,3,1,488,藤原英昭
ロールオブサンダー,牡,3,9,506,橋口慎介
トウカイデュエル,牡,2,16,460,田所秀孝
ジャストナウ,牡,2,16,416,岡田稲男
ヒシタイザン,牡,3,60,504,角田晃一
ショウナンバレリオ,牡,2,9,472,池添兼雄
シュヴァルグラン,牡,7,3,470,友道康夫
アイラブテーラー,牝,4,91,426,河内洋
ダイシンバルカン,牡,8,291,506,吉田直弘
エイシンデネブ,牝,5,2,430,坂口智康
ニシノラッシュ,牡,8,291,496,宮本博
アポロノシンザン,牡,7,291,478,鈴木伸尋
エメラルエナジー,牡,7,292,504,相沢郁
モンドインテロ,牡,8,1,488,手塚貴久
エイシンクリック,牡,5,6,478,坂口智康
サンシロウ,牡,5,30,498,柄崎孝
ヴァントシルム,牡,6,50,480,須貝尚介
ベイビーステップ,牡,5,90,490,菊川正達
ネイチャーレット,牡,6,107,470,根本康広
ロードマイウェイ,牡,4,16,474,杉山晴紀
トリオンフ,せ,6,29,554,須貝尚介
ブレステイキング,牡,5,1,478,堀宣行
ベステンダンク,牡,8,90,520,安達昭夫
テリトーリアル,牡,6,143,476,西浦勝一
クリソベリル,牡,4,12,554,音無秀孝
ミツバ,牡,8,92,474,加用正
サトノソルタス,牡,5,1,490,堀宣行
ジェシー,牡,5,22,486,石坂公一
メイショウエイコウ,牡,6,118,448,荒川義之
テーオージーニアス,牡,5,12,506,梅田智之
レッドアネラ,牝,4,52,494,加藤征弘
ゴールドクイーン,牝,5,28,462,坂口智康
ヒロシゲゴールド,牡,4,20,470,北出成人
タテヤマ,牡,5,23,466,渡辺薫彦
ドリュウ,牡,4,109,452,土田稔
ヒザクリゲ,牝,4,112,438,牧浦充徳
オウケンビリーヴ,牝,6,17,486,和田勇介
ハニージェイド,牝,5,293,466,鮫島一歩
ハングリーベン,牡,5,54,446,武井亮
シャインヴィットゥ,牡,5,294,500,小野次郎
マルターズディオサ,牝,3,8,450,手塚貴久
カワキタアジン,牝,2,10,480,杉山晴紀
クリスティ,牝,3,8,486,杉山晴紀
ボンボヤージ,牝,2,2,418,梅田智之
ロータスランド,牝,2,295,456,角居勝彦
スウィートメリナ,牝,2,77,424,菊川正達
メイショウグロッケ,牝,6,49,460,荒川義之
ウインシャトレーヌ,牝,6,7,508,大久保龍志
モアナ,牝,6,11,498,高橋文雅
グランレイ,牡,3,6,452,池添学
タガノビューティー,牡,3,10,504,西園正都
ジュンライトボルト,牡,3,5,452,友道康夫
エグレムニ,牡,3,8,470,加用正
メイショウチタン,牡,3,2,454,本田優
ヨカグラ,せ,6,13,474,中竹和也
スリーコーズライン,牡,3,88,462,柄崎孝
シヴァージ,牡,5,125,498,野中賢二
ワンアフター,牡,7,38,476,武市康男
ヴェルトライゼンデ,牡,3,34,488,池江泰寿
ワーケア,牡,3,3,492,手塚貴久
オーソリティ,牡,3,4,514,木村哲也
パンサラッサ,牡,3,2,474,矢作芳人
ブルーミングスカイ,牡,3,1,466,角居勝彦
ラグビーボーイ,牡,3,22,492,勢司和浩
ガロアクリーク,牡,3,11,498,上原博之
ナリノモンターニュ,牡,2,18,492,上原博之
クリノブレーヴ,牡,2,181,460,長谷川浩大
シャイニープリンス,牡,0,83,510,深山雅史
ボンセルヴィーソ,牡,6,7,490,池添学
メイケイダイハード,牡,5,95,550,中竹和也
モズダディー,牡,5,154,504,藤岡健一
オーマイダーリン,牝,3,1,472,河内洋
ルーツドール,牝,3,16,520,藤岡健一
カバジェーロ,牡,3,2,486,橋口慎介
ディモールト,牡,3,10,492,角田晃一
スマイルカナ,牝,3,1,436,高橋祥泰
チェーンオブラブ,牝,3,3,468,小笠倫弘
ポレンティア,牝,3,3,488,田中博康
シャインガーネット,牝,3,4,476,栗田徹
ソーユーフォリア,牝,3,9,448,高柳瑞樹
アヌラーダプラ,牝,3,5,462,萩原清
ウインドラブリーナ,牝,3,50,414,飯田雄三
フルートフルデイズ,牝,3,19,456,浜田多実雄
セイウンヴィーナス,牝,3,48,442,本間忍
メイプルプレゼント,牝,3,66,444,高市圭二
カインドリー,牝,3,8,440,田村康仁
ハローキャンディ,牝,3,32,434,久保田貴士
ダイワクンナナ,牝,3,24,494,国枝栄
ウィーンソナタ,牝,3,58,486,伊藤圭三
ニシノステラ,牝,3,205,430,小西一男
モルフェオルフェ,牝,5,4,460,大江原哲
クリスタルブラック,牡,3,8,474,高橋文雅
スカイグルーヴ,牝,3,9,456,木村哲也
ディアスティマ,牡,3,1,478,高野友和
ビターエンダー,牡,3,4,476,相沢郁
キングオブドラゴン,牡,3,3,482,矢作芳人
リメンバーメモリー,牡,3,8,466,佐々木晶三
ヴィアメント,牡,3,5,488,鹿戸雄一
ゼノヴァース,牡,3,1,450,藤沢和雄
ヒュッゲ,牡,3,3,464,友道康夫
キムケンドリーム,牝,3,4,436,西村真幸
チュウワジョーダン,牡,3,105,458,林徹
レッドレオン,牡,5,1,452,角居勝彦
エーティーラッセン,牡,6,118,518,木原一良
プリンスオブペスカ,牡,6,3,474,松永昌博
マスターコード,牡,6,13,478,吉村圭司
サトノクロニクル,牡,6,3,476,池江泰寿
マイネルフロスト,牡,9,19,496,高木登
ヒストリーメイカー,牡,6,40,528,新谷功一
ヒロブレイブ,牡,7,52,486,川村禎彦
コマビショウ,牡,5,40,498,南井克巳
アイファーイチオー,牡,6,28,510,上村洋行
マイネルクラース,牡,6,14,470,高木登
スマートアヴァロン,牡,8,20,514,西園正都
テーオーヘリオス,牡,8,237,500,梅田智之
ヨシオ,牡,7,37,490,森秀行
ナランフレグ,牡,4,12,482,宗像義忠
ラヴィングアンサー,牡,6,7,498,石坂正
ジョイフル,牡,6,35,518,吉村圭司
サトノアーサー,牡,6,1,480,池江泰寿
レッドヴェイロン,牡,5,5,496,石坂正
ストーンリッジ,牡,3,1,456,藤原英昭
ギベルティ,牡,3,4,522,小島茂之
トゥルーヴィル,牡,3,1,454,斉藤崇史
サイモンルモンド,せ,3,61,440,松田国英
アカノニジュウイチ,牝,3,19,448,尾関知人
シャンドフルール,牝,3,8,496,松永幹夫
ホウオウピースフル,牝,3,4,484,大竹正博
チアチアクラシカ,牝,3,45,494,堀井雅広
ルナシオン,牝,3,1,458,藤沢和雄
アミークス,牝,3,4,450,栗田徹
ヤマニンプレシオサ,牝,3,113,462,星野忍
メルテッドハニー,牝,3,48,394,大江原哲
インザムービー,牝,3,45,468,牧田和弥
フィリオアレグロ,牡,3,1,474,堀宣行
ココロノトウダイ,牡,3,22,518,手塚貴久
シングンバズーカ,牡,3,176,474,高市圭二
エン,牡,3,296,470,河津裕昭
アジュバント,牡,3,239,452,上原博之
ステイブラビッシモ,せ,7,14,464,久保田貴士
ロサグラウカ,牝,5,6,458,尾関知人
バレリオ,牡,5,14,504,相沢郁
プリディカメント,牝,5,95,520,吉村圭司
ケイティブレイブ,牡,7,117,524,杉山晴紀
モジアナフレイバー,牡,5,75,516,福永敏
ブルドッグボス,牡,8,7,514,加用正
ドゥオーモ,牡,7,1,472,野中賢二
ベストアクター,せ,6,1,448,鹿戸雄一
ライラックカラー,牡,5,6,462,藤沢和雄
ハウメア,牝,6,5,490,藤沢和雄
エスターテ,牝,5,54,426,伊藤伸一
エンゲルヘン,牝,6,39,466,五十嵐忠男
クールティアラ,牝,4,267,470,矢野英一
イズジョーノキセキ,牝,3,9,440,石坂公一
スマートリアン,牝,3,8,462,石橋守
ピーエムピンコ,牝,3,45,392,和田正一郎
メデタシメデタシ,牝,3,2,440,大久保龍志
ショウリュウハル,牝,3,16,466,佐々木晶三
サトノフラッグ,牡,3,1,490,国枝栄
オーロアドーネ,牡,3,9,486,戸田博文
アラタ,牡,3,5,462,和田勇介
エンデュミオン,牡,3,18,442,清水久詞
メイショウボサツ,牡,3,9,476,西浦勝一
ディヴィナシオン,牡,3,18,430,森秀行
リュヌルージュ,牝,5,46,478,斉藤崇史
ロフティフレーズ,牝,5,2,462,上原博之
ヒロシゲセブン,牡,5,26,530,北出成人
スズカプレスト,牡,8,7,468,橋田満
ヴェスターヴァルト,牡,3,24,462,加藤征弘
レッドライデン,牡,3,22,486,鹿戸雄一
セイウンパワフル,牡,3,73,474,斎藤誠
コスモリモーネ,牡,3,10,498,高橋裕
ライチェフェイス,牡,3,83,444,新谷功一
エーティーメジャー,牡,3,7,492,湯窪幸雄
デンタルバルーン,牝,3,56,448,牧浦充徳
エーポス,牝,3,16,458,北出成人
ナイントゥファイブ,牝,3,15,468,西園正都
カリオストロ,牝,3,22,454,加用正
フェアレストアイル,牝,3,1,434,中内田充正
マテンロウディーバ,牝,3,1,406,中内田充正
ミズリーナ,牝,3,87,464,坂口智康
ソフィアバローズ,牝,3,6,420,角田晃一
エヴァジョーネ,牝,3,2,434,安田翔伍
クーファイザナミ,牝,3,1,396,武幸四郎
ラボエーム,牝,3,146,448,大根田裕之
ヴァラークラウン,牝,3,61,476,鮫島一歩
ジュンヴァルカン,牡,7,30,536,友道康夫
アブレイズ,牝,3,8,494,池江泰寿
レッドルレーヴ,牝,3,5,452,藤沢和雄
シーズンズギフト,牝,3,9,486,黒岩陽一
チェスナットドレス,牝,3,71,458,西村真幸
ミアマンテ,牝,3,5,422,木村哲也
キングスタイル,牝,3,1,400,矢作芳人
フラワリングナイト,牝,3,9,432,金成貴史
ナリノクリスティー,牝,3,78,436,上原博之
エンジョイ,牝,3,153,446,田村康仁
トリンカデイラ,牝,3,297,430,鮫島一歩
ファルコニア,牡,3,1,446,角居勝彦
アオイクレアトール,牡,3,5,468,古賀慎明
シルバーエース,牡,3,77,466,橋口慎介
ガミラスジャクソン,牡,3,22,448,長南和宏
ボスジラ,牡,4,1,518,国枝栄
サンアップルトン,牡,4,59,474,中野栄治
マイネルカレッツァ,牡,8,14,518,加藤士津八
サトノインプレッサ,牡,3,1,484,矢作芳人
ダノンアレー,牡,3,1,486,安田隆行
メイショウラツワン,牡,3,6,480,南井克巳
メイショウダジン,牡,3,63,460,松永昌博
テイエムフローラ,牝,3,15,438,鈴木孝志
アーニングフェイム,牝,3,22,442,浜田多実雄
アーヴィンド,牡,3,8,524,岡田稲男
トウケイタンホイザ,牡,3,168,458,清水久詞
スワーヴアラミス,牡,5,3,480,須貝尚介
レピアーウィット,牡,5,10,546,堀宣行
テーオーフォース,牡,5,53,482,岡田稲男
ローズプリンスダム,牡,6,55,480,畠山吉宏
ルールソヴァール,せ,8,151,502,高木登
テルペリオン,牡,6,65,530,寺島良
ワイルドカード,牡,6,115,532,木村哲也
ブラックムーン,牡,8,38,500,西浦勝一
トーラスジェミニ,牡,4,35,488,小桧山悟
ペプチドバンブー,牡,5,2,508,武英智
ルフトシュトローム,牡,3,11,506,堀宣行
ハーモニーマゼラン,牡,3,7,510,牧光二
コウソクスピード,牡,3,18,518,中舘英二
シャチ,牡,3,45,456,小桧山悟
ソングオブザハート,牝,3,32,410,寺島良
カフェサンドリヨン,牝,3,2,462,古賀慎明
テーオービクトリー,牝,6,19,488,岡田稲男
メジェールスー,牝,5,2,470,藤原英昭
デアリングタクト,牝,3,9,474,杉山晴紀
フィオリキアリ,牝,3,8,442,清水久詞
インターミッション,牝,3,1,410,手塚貴久
コスモロブロイ,牡,5,59,528,伊藤伸一
ユイノシンドバッド,牡,5,46,500,竹内正洋
ギルデッドミラー,牝,3,4,478,松永幹夫
ボンオムトゥック,牝,3,17,450,高橋亮
リインフォース,牡,3,35,460,石坂公一
チュウワノキセキ,牡,3,11,468,大久保龍志
ロードベイリーフ,牡,3,113,484,森田直行
デュードヴァン,牡,3,298,482,加藤征弘
ノルカソルカ,牡,3,9,482,藤岡健一
ディープボンド,牡,3,8,484,大久保龍志
レクセランス,牡,3,1,480,池添学
アメリカンシード,牡,3,100,464,藤岡健一
キメラヴェリテ,牡,3,8,540,中竹和也
テンピン,牡,3,16,500,安田隆行
リワードアンヴァル,牡,4,36,510,藤原辰雄
ノーブルサターン,牡,6,52,504,牧浦充徳
ベストタッチダウン,牡,4,29,496,橋口慎介
リープフラウミルヒ,牝,5,14,428,相沢郁
マルシュロレーヌ,牝,4,4,460,矢作芳人
ショウナンバビアナ,牝,4,1,464,上原博之
ウインマリリン,牝,3,15,460,手塚貴久
フアナ,牝,3,6,440,角居勝彦
ルトロヴァイユ,牝,3,9,462,竹内正洋
ヒューマンコメディ,牝,3,3,480,水野貴広
ヴォリアーモ,牝,3,6,460,木村哲也
エレヴァテッツァ,牝,3,1,478,松永幹夫
レッドサーシャ,牝,3,104,468,黒岩陽一
ウィスパリンホープ,牝,3,3,478,昆貢
リヴァージュ,牝,3,24,474,田村康仁
ヴァルコス,牡,3,24,502,友道康夫
サーストンカイドー,牡,3,9,512,橋田満
フライライクバード,牡,3,15,446,友道康夫
フィロロッソ,牡,3,13,470,中竹和也
アイアンバローズ,牡,3,4,494,角居勝彦
ディアマンミノル,牡,3,4,458,本田優
プリマヴィスタ,牡,3,3,452,矢作芳人
ダノンセレスタ,牡,3,3,484,音無秀孝
レアリザトゥール,牡,3,15,466,小手川準
アピテソーロ,牡,3,19,490,奥平雅士
マンオブスピリット,牡,3,6,488,斉藤崇史
アドマイヤビルゴ,牡,3,1,430,友道康夫
サペラヴィ,牡,3,69,480,相沢郁
キッズアガチャー,牡,3,18,538,田所秀孝
ホウオウエクレール,牡,3,19,488,宮徹
アンセッドヴァウ,牡,3,274,462,中竹和也
プレシオーソ,牡,3,19,468,清水久詞
シルヴェリオ,牡,3,3,508,池添学
ニシノストーム,牡,3,62,486,杉浦宏昭
トーセンスーリヤ,牡,5,68,480,小野次郎
プレシャスブルー,牡,6,1,426,相沢郁
ブラヴァス,牡,4,5,488,友道康夫
インビジブルレイズ,牡,6,3,470,吉村圭司
レッドガラン,牡,5,2,512,安田隆行
ラテールプロミーズ,せ,7,31,504,田村康仁
タガノエスプレッソ,牡,8,19,456,五十嵐忠男
マイネルレオーネ,牡,8,14,404,清水久詞
アスターブリザード,牡,4,22,492,湯窪幸雄
リングオブハピネス,牝,7,178,480,奥村豊
クリノライジン,牡,4,56,474,荒川義之
スプリングボックス,牡,6,3,482,寺島良
トーセンブレス,牝,5,1,474,加藤征弘
マグナレガーロ,牡,5,5,484,角居勝彦
ロードレガリス,牡,5,3,526,野中賢二
ウインマイティー,牝,3,27,480,五十嵐忠男
リリーピュアハート,牝,3,1,448,藤原英昭
デゼル,牝,3,1,470,友道康夫
ワンスカイ,牡,3,51,500,斎藤誠
サヴァイヴ,牡,3,11,464,清水久詞
アルムブラスト,牡,3,45,510,高橋文雅
ビップウインク,牝,3,22,492,清水久詞
グリンデルヴァルト,牝,3,113,460,坂口智康
ミュゼエイリアン,せ,8,15,496,黒岩陽一
トリコロールブルー,牡,6,14,500,友道康夫
サトノフェイバー,牡,5,59,504,南井克巳
ドミナートゥス,牡,5,6,484,宮本博
アンドラステ,牝,4,4,470,中内田充正
サマーセント,牝,4,13,460,斉藤崇史
ナルハヤ,牝,6,129,494,梅田智之
パルクデラモール,牝,5,1,470,鹿戸雄一
オスカールビー,牝,5,3,506,矢作芳人
カフェファラオ,牡,3,79,504,堀宣行
ケンシンコウ,牡,3,23,484,小西一男
サンダーブリッツ,牡,3,11,482,久保田貴士
キタノオクトパス,牡,3,76,548,高木登
フルフラット,牡,3,67,516,森秀行
サンライズホープ,牡,3,32,534,羽月友彦
レッチェバロック,牝,3,98,498,藤沢和雄
メイショウベンガル,牡,3,17,450,松永昌博
ラブリーエンジェル,牝,3,52,432,堀井雅広
オーロラテソーロ,牡,3,171,490,畠山吉宏
マカオンブラン,牡,3,29,490,今野貞一
サトノラファール,牡,3,12,538,中竹和也
アポロアベリア,牡,3,236,532,武藤善則
ジョーマンデリン,牝,4,72,482,清水久詞
アリンナ,牝,6,39,448,上原博之
スリーケープマンボ,せ,5,70,484,武英智
リュウノユキナ,牡,5,64,496,小野次郎
ラヴアンドポップ,牡,7,38,488,岩戸孝樹
フォワードカフェ,牡,8,31,536,和田勇介
マンノグランプリ,牡,4,36,512,角田晃一
マーニ,牡,4,38,454,鮫島一歩
シャリオヴァルト,せ,7,31,464,尾関知人
プラチナアッシュ,せ,5,22,472,寺島良
ミュートエアー,牡,7,50,468,岩戸孝樹
シングンオフビート,せ,5,176,432,大江原哲
バビット,牡,3,85,458,浜田多実雄
ディープキング,牡,3,1,472,藤原英昭
パラスアテナ,牝,3,6,444,高柳瑞樹
ルリアン,牡,3,8,512,佐々木晶三
サクラトゥジュール,牡,3,30,488,堀宣行
アルサトワ,牡,3,6,500,斉藤崇史
ベレヌス,牡,3,29,524,杉山晴紀
グレイトオーサー,牡,3,24,508,堀宣行
タイセイアベニール,牡,5,54,496,西村真幸
グランドロワ,牡,6,7,492,鈴木孝志
ロケット,牝,5,71,478,石橋守
トップウイナー,牡,4,21,464,鈴木孝志
ラプタス,せ,4,26,456,松永昌博
スマートダンディー,牡,6,40,500,石橋守
レッドルゼル,牡,4,2,492,安田隆行
リンゴアメ,牝,2,39,436,菊川正達
ルーチェドーロ,牡,2,81,484,高橋裕
ラヴケリー,牝,2,48,438,高柳大輔
フォドラ,牝,2,2,402,牧浦充徳
カイザーノヴァ,牡,2,47,460,矢作芳人
リメス,牡,2,48,456,松永幹夫
ニシノエルサ,牝,2,78,440,中野栄治
フォルセティ,牡,2,63,448,田中博康
リキサントライ,牡,2,30,484,池添兼雄
ディープエコロジー,牝,2,299,428,宮田敬介
ホーキーポーキー,牝,2,106,462,武市康男
ラジアントエンティ,牝,2,36,460,角川秀樹
モンファボリ,牝,2,42,444,須貝尚介
グレイトミッション,牝,2,7,452,菊川正達
レディステディゴー,牡,2,7,496,浅見秀一
ラセット,牡,5,46,490,庄野靖志
レッドレグナント,牝,5,2,492,大竹正博
バイオスパーク,牡,5,4,472,浜田多実雄
ベストアプローチ,せ,6,156,490,小島茂之
レッドサイオン,牡,4,2,458,藤沢和雄
スズカロング,牡,6,43,490,橋田満
ジョーカナチャン,牝,5,2,458,松下武士
ビリーバー,牝,5,46,464,石毛善彦
メイショウカズヒメ,牝,6,151,504,南井克巳
アユツリオヤジ,牡,6,20,506,村山明
モンペルデュ,牝,4,300,484,松永幹夫
フォイヤーヴェルク,牡,7,1,456,池江泰寿
ファイアプルーフ,牡,5,112,510,根本康広
ノワールギャルソン,牡,8,38,448,田村康仁
エアカーディナル,牡,9,12,512,笹田和秀
ウインリベロ,牡,5,14,434,水野貴広
マスラオ,せ,6,132,446,金成貴史
スマートボムシェル,牡,8,12,494,吉田直弘
ブラックワンダー,牡,4,30,464,尾形和幸
タガノアスワド,牝,6,30,518,五十嵐忠男
ミヤジコクオウ,牡,3,18,506,川村禎彦
ブランクチェック,牝,3,23,482,栗田徹
ニュートンテソーロ,牡,3,165,494,田中博康
タイガーインディ,牡,3,28,454,大橋勇樹
ダンツエリーゼ,牝,3,8,526,本田優
フレイムウィングス,牡,3,23,482,岡田稲男
フリーフロー,牡,3,221,470,宗像義忠
ライトウォーリア,牡,3,32,488,高野友和
フェイバリット,牡,3,153,454,小桧山悟
バンクオブクラウズ,牡,3,55,508,石坂公一
バスカヴィル,牡,6,135,482,加藤征弘
アールスター,牡,5,2,504,杉山晴紀
ショウナンバルディ,牡,4,35,446,松下武士
ミスディレクション,せ,6,214,496,武幸四郎
クライムメジャー,牡,6,7,540,渡辺薫彦
メイショウキョウジ,牡,5,7,484,藤岡健一
ブライティアレディ,牝,7,40,436,武幸四郎
イェッツト,牡,5,155,482,金成貴史
タガノグルナ,牡,6,6,490,大根田裕之
セイウンフォーカス,牡,5,62,482,宮本博
ニシノベイオウルフ,牡,5,62,500,小桧山悟
オブリゲーション,牡,7,117,462,奥村豊
ベストサポーター,牡,7,108,514,和田雄二
ショックアクション,牡,2,159,500,大久保龍志
ブルーシンフォニー,牡,2,15,472,伊藤圭三
フラーズダルム,牝,2,8,466,松永昌博
ファルヴォーレ,牡,2,44,442,高橋義忠
シュヴァリエローズ,牡,2,1,444,清水久詞
セイウンダイモス,牡,2,68,470,和田勇介
ロードマックス,牡,2,1,444,藤原英昭
ブルーバード,牝,2,62,420,中舘英二
ハヴァス,牡,2,6,448,橋口慎介
ジュラメント,牝,2,8,426,根本康広
タイガーリリー,牝,2,8,452,尾関知人
ソダシ,牝,2,17,472,須貝尚介
ユーバーレーベン,牝,2,27,470,手塚貴久
バスラットレオン,牡,2,8,478,矢作芳人
アオイゴールド,牝,2,27,462,和田雄二
ヴェローチェオロ,牡,2,27,460,須貝尚介
ヴィゴーレ,牡,2,8,456,松永幹夫
コスモアシュラ,牡,2,27,500,中野栄治
ウイングリュック,牡,2,55,464,宮徹
ウインルーア,牝,2,27,436,青木孝文
ジオルティ,牡,2,9,472,杉山晴紀
カガフラッシュ,牡,2,22,448,萱野浩二
ピンクカメハメハ,牡,2,74,450,森秀行
スライリー,牝,2,4,430,相沢郁
サンレイポケット,牡,5,50,468,高橋義忠
ウインガナドル,牡,6,14,462,上原博之
メイケイエール,牝,2,80,458,武英智
モントライゼ,牡,2,7,492,松永幹夫
ルクシオン,牝,2,22,418,河内洋
フリード,牝,2,211,486,西園正都
アールラプチャー,牝,2,80,454,千田輝彦
ラマルセイエーズ,牝,2,73,456,森田直行
セレッソフレイム,牝,2,23,430,服部利之
リサコーハク,牝,2,48,428,川村禎彦
カシノレオ,牡,2,58,492,鈴木孝志
ミスニューヨーク,牝,3,35,462,杉山晴紀
クロスセル,牝,3,6,520,和田正一郎
コトブキテティス,牝,3,13,434,田島俊明
ホウオウエミーズ,牝,3,2,450,池上昌和
ラヴユーライヴ,牝,3,1,432,矢作芳人
フェルマーテ,牝,3,27,466,戸田博文
ストリートピアノ,牝,3,17,454,武藤善則
ケイブルグラム,せ,7,1,502,高橋文雅
ムジカ,牝,3,9,444,鈴木孝志
アカイイト,牝,3,8,496,中竹和也
ヤマニンプティパ,牝,3,19,426,千田輝彦
シャムロックヒル,牝,3,8,478,佐々木晶三
セウラサーリ,牝,3,4,458,西園正都
チャイカ,牝,3,2,472,今野貞一
ラインハイト,牡,3,3,472,石坂正
リスペクト,牡,3,9,466,奥村武
マイネルソラス,牡,3,27,462,和田正一郎
ピースディオン,牡,3,122,500,大竹正博
ダノンファスト,牡,3,5,464,菊沢隆徳
オウケンムーン,牡,5,301,452,国枝栄
ロバートソンキー,牡,3,6,470,林徹
ターキッシュパレス,牡,3,164,472,昆貢
シンボ,牡,3,54,458,斉藤正弘
グランデマーレ,牡,3,2,502,藤岡健一
サクラアリュール,牡,5,12,470,村山明
エイコーン,牡,5,65,464,吉田直弘
ダノンスプレンダー,牡,4,2,504,安田隆行
エムオーグリッタ,牡,6,173,500,古賀慎明
グレートタイム,牡,5,5,488,藤原英昭
ダイメイコリーダ,牡,3,58,470,森田直行
ステラヴェローチェ,牡,2,21,502,須貝尚介
インフィナイト,牝,2,47,484,音無秀孝
ジャンカズマ,牡,2,13,448,安田翔伍
キングストンボーイ,牡,2,44,488,藤沢和雄
ビゾンテノブファロ,牡,2,82,472,小桧山悟
スペシャルトーク,牡,2,62,454,杉浦宏昭
ダディーズビビッド,牡,2,8,478,千田輝彦
ワンダープチュック,牡,6,3,512,河内洋
カセドラルベル,牝,4,3,558,西村真幸
トップアスリート,せ,4,18,468,池添学
ネプチュナイト,牡,5,6,488,友道康夫
ソフトフルート,牝,3,1,472,松田国英
アリストテレス,牡,3,9,474,音無秀孝
ダノングロワール,牡,3,3,488,国枝栄
ククナ,牝,2,5,450,栗田徹
テンハッピーローズ,牝,2,9,438,高柳大輔
ストゥーティ,牝,2,47,420,奥村豊
クールキャット,牝,2,15,518,奥村武
ウインアグライア,牝,2,39,458,和田雄二
シャドウファックス,牝,2,51,440,宮田敬介
モリノカンナチャン,牝,2,13,438,大江原哲
ヴァーチャリティ,牝,2,81,454,庄野靖志
ニシノリース,牝,2,102,402,土田稔
ミルウ,牝,2,13,434,友道康夫
ペイシャフェスタ,牝,2,81,486,高橋裕
オレンジフィズ,牝,2,9,454,木村哲也
タウゼントシェーン,牝,2,1,410,矢作芳人
ハイプリーステス,牝,2,30,406,星野忍
メイショウオーパス,牡,5,41,512,飯田祐史
ユングヴィ,牡,2,227,452,大江原哲
ストライプ,牝,2,6,510,尾形和幸
リフレイム,牝,2,79,488,黒岩陽一
ジャガード,牡,2,91,426,和田雄二
レガトゥス,牡,2,47,558,木村哲也
マツリダスティール,牡,2,302,482,菅原勲
クムシラコ,牡,2,106,456,石毛善彦
オリアメンディ,牝,2,72,456,斎藤誠
ロンギングバース,牡,2,126,456,竹内正洋
ニシノガブリヨリ,牡,2,62,466,橋口慎介
タマダイヤモンド,牝,2,124,484,相沢郁
プルスウルトラ,牡,2,106,512,手塚貴久
オパールムーン,牝,2,18,430,昆貢
オプティミスモ,牝,2,62,420,石坂公一
ヨカヨカ,牝,2,141,454,谷潔
ミニーアイル,牝,2,80,502,武幸四郎
デルマカンノン,牝,2,104,442,五十嵐忠男
サルビア,牝,2,7,454,鈴木孝志
メイショウイチヒメ,牝,2,41,424,飯田祐史
ナムラカメタロー,牡,4,37,504,稲垣幸雄
ソリストサンダー,牡,5,97,480,高柳大輔
オメガレインボー,牡,4,25,452,安田翔伍
フィードバック,牡,4,19,496,鈴木伸尋
バティスティーニ,牡,7,5,494,池添学
ビッグスモーキー,せ,5,5,540,清水久詞
レッドベルオーブ,牡,2,1,476,藤原英昭
ホウオウアマゾン,牡,2,5,500,矢作芳人
スーパーホープ,牡,2,8,510,藤岡健一
シティレインボー,牡,2,9,476,池添兼雄
スーパーウーパー,牝,2,225,460,森秀行
カーロバンビーナ,牝,5,1,402,戸田博文
ワセダインブルー,牡,5,13,446,池上昌和
ソロフレーズ,牡,5,71,482,栗田徹
ダノンザキッド,牡,2,16,516,安田隆行
タイトルホルダー,牡,2,44,470,栗田徹
ジュンブルースカイ,牡,2,44,436,友道康夫
プラチナトレジャー,牡,2,5,472,国枝栄
ドゥラヴェルデ,牡,2,44,514,木村哲也
レインフロムヘヴン,牡,2,44,460,堀宣行
モメントグスタール,牡,2,13,460,高木登
トーセンジャック,牡,2,152,502,小桧山悟
ワンダフルタウン,牡,2,6,462,高橋義忠
ラーゴム,牡,2,4,512,斉藤崇史
マカオンドール,牡,2,27,490,今野貞一
グロリアムンディ,牡,2,5,482,大久保龍志
ダノンドリーマー,牡,2,6,494,藤原英昭
タガノカイ,牡,2,24,508,宮徹
ビップランバン,牡,2,22,474,清水久詞
グラティトゥー,牡,2,9,460,橋口慎介
テリオスルイ,牡,2,50,462,松下武士
ウェイトゥパリス,牡,7,303,478,A.マルチアリス
カレンモエ,牝,4,2,464,安田隆行
ジョーアラビカ,牡,6,72,492,清水久詞
ロードアクア,牡,4,2,474,浅見秀一
ヒュミドール,せ,4,4,462,小手川準
オーシャンビュー,牡,7,197,466,伊藤伸一
レイパパレ,牝,3,1,424,高野友和
サトノクロニクル,牡,6,3,476,池江泰寿
エヒト,牡,3,6,442,森秀行
キングニミッツ,牡,7,304,492,小崎憲
トーアライジン,牡,6,272,510,村山明
サトノティターン,牡,7,53,584,堀宣行
ボッケリーニ,牡,4,5,468,池江泰寿
グロンディオーズ,牡,5,6,528,田村康仁
サトノソルタス,牡,5,1,490,堀宣行
ワイプティアーズ,牡,5,7,536,加用正
マイネルサーパス,牡,4,25,482,高木登
ダンシングプリンス,牡,4,121,524,宮田敬介
スズカコーズライン,牡,6,88,522,木原一良
ロンドンテソーロ,牡,4,150,516,栗田徹
サブノジュニア,牡,6,20,532,堀千亜樹
イダペガサス,牡,5,12,508,田中淳司
ヒロシゲゴールド,牡,4,20,470,北出成人
ノーフィアー,牡,6,92,498,佐藤吉勝
フォーテ,牡,3,2,496,藤原英昭
サトノレイナス,牝,2,1,474,国枝栄
ジェラルディーナ,牝,2,47,428,石坂正
エイシンヒテン,牝,2,144,450,渡辺薫彦
ナムラメーテル,牝,2,74,430,鈴木孝志
フラリオナ,牝,2,73,412,武幸四郎
シゲルピンクルビー,牝,2,47,470,渡辺薫彦
ポールネイロン,牝,2,4,432,矢作芳人
アロハリリー,牝,5,3,468,高野友和
グレナディアガーズ,牡,2,42,458,中内田充正
ブルースピリット,牡,2,163,484,中内田充正
ドゥラモンド,牡,2,44,478,手塚貴久
アスコルターレ,牡,2,44,458,西村真幸
テーオーダヴィンチ,牡,2,7,490,岡田稲男
ケンホファヴァルト,牡,7,138,474,森秀行
ヒロノタイリク,牡,5,7,512,宮本博
ケイブルグラム,せ,7,1,502,高橋文雅
スズカデヴィアス,牡,8,5,516,橋田満
ストレートパンチ,牡,4,203,480,堀井雅広
ナリノレーヴドール,牡,5,22,472,上原博之
オーソクレース,牡,2,9,480,久保田貴士
ヨーホーレイク,牡,2,1,502,友道康夫
テンカハル,牡,2,5,486,矢作芳人
アオイショー,牡,2,2,464,中舘英二
アドマイヤザーゲ,牡,2,44,498,友道康夫
ホールシバン,牡,2,23,508,高橋義忠
バニシングポイント,牡,2,100,498,藤沢和雄
セイハロートゥユー,牡,2,5,492,牧光二
モリデンアロー,牡,2,57,488,小桧山悟
ランドオブリバティ,牡,2,1,478,鹿戸雄一
クラヴィスオレア,せ,4,84,480,藤沢和雄
